Task Name,Section/Column,Due Date,Status,Priority,Notes,Tags
First manual quality check,WEEK 1: Foundation Clean,2026-04-13,DONE,High,Open state JSONs. Are 10 algos running clean? Write quality_check_2026-04-13.md. Commit it. 20 minutes max.,"quality-check,weekly"
Get FRED API key,WEEK 1: Foundation Clean,2026-04-14,DONE,Critical,"Go to fred.stlouisfed.org. Register free account. Add to GitHub Secrets as FRED_API_KEY. Unblocks cardboard, liquor, misery immediately. Zero new code.","fred,unblocking"
Implement validate_nightly.py surface checks,WEEK 1: Foundation Clean,2026-04-14,DONE,Critical,"Use Directive 2 from Claude conversation. Surface checks: files exist, valid JSON, ran today, equity in range. Wire into daily_run.yml. Test --dry-run. Confirm runs at 6:30 PM.","validation,pipeline"
Confirm 3 FRED algos unblocked,WEEK 1: Foundation Clean,2026-04-14,DONE,High,"After adding FRED key: verify cardboard, liquor, misery algos auto-seed and run tonight. Check state files exist tomorrow morning.","validation,fred"
Add deep validation checks,WEEK 1: Foundation Clean,2026-04-15,DONE,High,"Add to validate_nightly.py: position math, trade log integrity, equity curve sanity, cross-algo snapshot count. Test on existing state files. Confirm alert email fires on failure.","validation,deep"
Confirm validation email alert works,WEEK 1: Foundation Clean,2026-04-15,DONE,High,Trigger deliberate validation failure in dry-run. Confirm email arrives. Subject: SURFACE VALIDATION FAILED.,"validation,email"
Blitzkrieg #1: Truck Tonnage algo,WEEK 1: Foundation Clean,2026-04-16,DONE,High,"FRED: TSIFRGHT + RAILFRTCARLOADSD11. EXPANSION->XLI/XLB/XLE, CONTRACTION->XLP/XLU/XLV. Register in registry.py. Test dry-run. 2-3 hours.","blitzkrieg,algo,fred"
Blitzkrieg #2: Misery Rotation algo,WEEK 1: Foundation Clean,2026-04-17,DONE,High,"FRED: UNRATE + CPIAUCSL. Delta signal: rising->defensive, falling->offensive. Monthly cadence. 2-3 hours.","blitzkrieg,algo,fred"
Blitzkrieg #3: Uber Mobility algo,WEEK 1: Foundation Clean,2026-04-17,DONE,High,pytrends: uber+lyft search volume weekly. 4-week rate of change. RISK_ON->XLY/XLK/XLF. pytrends already in requirements. 2-3 hours.,"blitzkrieg,algo,pytrends"
Deploy precompute_signals.py,WEEK 1: Foundation Clean,2026-04-18,DONE,Critical,Drop in repo root. Test: python precompute_signals.py --min-days 1 --dry-run. Fix imports. Wire into daily_run.yml after crazy_run.py. Add git add docs/signals to commit step.,"infrastructure,signals"
Verify docs/signals/*.json generating,WEEK 1: Foundation Clean,2026-04-18,DONE,High,"After 6:30 PM run: confirm NVDA.json exists, index.json exists, 500 ticker files written, generated date = today.","verification,signals"
Deploy signal_lookup.html,WEEK 1: Foundation Clean,2026-04-19,DONE,High,Drop in docs/. Test fetch /signals/NVDA.json locally. Verify Enter key and ?ticker= URL param work. Commit.,"frontend,public"
Make sure there are legal disclaimers everywhere,WEEK 1: Foundation Clean,2026-04-18,DONE,Critical,"Add master disclaimer, signal lab notice, performance disclosure, data disclaimer, and short inline disclaimer to public pages/generators. Keep wording simple and obvious: experimental research, not advice, no guarantees, data may be wrong/delayed, user responsible.","legal,disclaimer,public,trust"
V2 ARCH: Define public JSON schema,WEEK 1: Foundation Clean,2026-04-19,DONE,Critical,"DONE — public contract is now versioned with schema_version=v1, documented in docs/data/public/SCHEMA.md, and wired into build_public_artifacts.py. Teaser-safe signal payloads remain stripped: no trade history, no equity curves, no internal breakdown.","architecture,v2,security"
Quality check #2,WEEK 2: Blitzkrieg Phase 1,2026-04-20,DONE,High,Review 16 algos. Any validation failures? Review 60 auto-generated ideas. Rank survivors by buildability. Write quality_check_2026-04-20.md. 20 minutes.,"quality-check,weekly"
Filter 60 auto-generated ideas,WEEK 2: Blitzkrieg Phase 1,2026-04-20,DONE,High,"Kill: no URL, paid API >$100/month, updates <monthly, duplicate. Keep: free API confirmed, FRED/gov data, <100 lines, different ETF target.","pipeline,ideas"
Blitzkrieg #4: Yelp Closure Velocity,WEEK 2: Blitzkrieg Phase 1,2026-04-21,DONE,Medium,Yelp Fusion API free tier. Track permanently_closed status changes weekly. Add YELP_API_KEY to GitHub Secrets.,"blitzkrieg,algo,yelp"
Blitzkrieg #5: Job Posting Acceleration,WEEK 2: Blitzkrieg Phase 1,2026-04-21,DONE,Medium,FRED: JTSJOL (job openings). Rising postings in sector = expansion. Monthly cadence.,"blitzkrieg,algo,bls"
Blitzkrieg #6: Bankruptcy Filing Rate,WEEK 2: Blitzkrieg Phase 1,2026-04-22,DONE,Medium,FRED: BUSTHCONS. Rising bankruptcies = stress = defensive rotation. Monthly.,"blitzkrieg,algo,fred"
Blitzkrieg #7: Small Business Formation,WEEK 2: Blitzkrieg Phase 1,2026-04-22,DONE,Medium,FRED: SBUSV (small business optimism). Rising = expansion signal for XLY and XLF. Monthly.,"blitzkrieg,algo,fred"
Blitzkrieg #8: Patent Filing Velocity,WEEK 2: Blitzkrieg Phase 1,2026-04-23,DONE,Medium,USPTO bulk data free. Patent filings by tech sector. Rising = R&D expansion = XLK. Quarterly.,"blitzkrieg,algo,uspto"
Blitzkrieg #9: Credit Card Delinquency,WEEK 2: Blitzkrieg Phase 1,2026-04-23,DONE,Medium,FRED: DRCCLACBS. Rising delinquency = consumer stress = defensive. Quarterly.,"blitzkrieg,algo,fred"
Blitzkrieg #10: Consumer Sentiment,WEEK 2: Blitzkrieg Phase 1,2026-04-24,DONE,Medium,FRED: UMCSENT (U Michigan). Rising = XLY/XLK. Falling = XLP/XLU. Monthly.,"blitzkrieg,algo,fred"
Blitzkrieg #11: Retail Sales Momentum,WEEK 2: Blitzkrieg Phase 1,2026-04-24,DONE,Medium,FRED: RSXFS. 3M rate of change. Rising = XLY/XLK. Use release date not reference date.,"blitzkrieg,algo,fred"
Blitzkrieg #12: OpenTable Reservations,WEEK 2: Blitzkrieg Phase 1,2026-04-25,POSTPONED,Medium,POSTPONED - SCRAPPER. OpenTable data only accessible via scraping opentable.com/state-of-industry. No API.,"blitzkrieg,algo,opentable"
Blitzkrieg #13: Hotel Occupancy Rate,WEEK 2: Blitzkrieg Phase 1,2026-04-25,POSTPONED,Medium,POSTPONED - SCRAPPER. STR data is paid. AH&LA press releases require scraping. No clean API path.,"blitzkrieg,algo,hotel"
Build leaderboard.html,WEEK 2: Blitzkrieg Phase 1,2026-04-26,DONE,Critical,"Claude Code directive. Single HTML file. Dark theme. Reads docs/data/public/leaderboard.json. Hero section, sector heatmap, algo table with Biscotti special row, ticker teaser, mailing-list CTA. Mobile responsive.","frontend,public,marketing"
V2 ARCH: Create docs/data/public/ structure,WEEK 2: Blitzkrieg Phase 1,2026-04-26,DONE,Critical,"Create: docs/data/public/leaderboard.json, benchmarks/spy.json, benchmarks/qqq.json, signals/*.json, report/daily.json. Migrate from docs/signals/. Update precompute_signals.py paths.","architecture,v2"
Quality check #3,WEEK 3: Blitzkrieg + Kronos,2026-04-27,DONE,High,"DONE early on 2026-04-23. Wrote quality_check_2026-04-27.md. Main findings: pipelines green, 112 algos tracked, 2 beating SPY, crazy universe mostly still collecting evidence, comparator artifact wired but all insufficient_data, deep validation report stale, VIX family churn watch.","quality-check,weekly"
Blitzkrieg #14: Freight Rail Carloads,WEEK 3: Blitzkrieg + Kronos,2026-04-28,DONE,Medium,AAR weekly + FRED: RAILFRTCARLOADSD11. Pairs with Truck Tonnage for CONSUMER_SHIFT vs INDUSTRIAL_SHIFT.,"blitzkrieg,algo,aar"
Blitzkrieg #15: Electricity Consumption,WEEK 3: Blitzkrieg + Kronos,2026-04-28,DONE,Medium,EIA electricity adapter + crazy algo implemented. Requires EIA_API_KEY for live signal; records blocked if missing.,"blitzkrieg,algo,eia"
Blitzkrieg #16: Port Container Volume,WEEK 3: Blitzkrieg + Kronos,2026-04-29,DONE,Medium,Port of LA/data.lacity.org TEU adapter + crazy algo implemented. No key expected.,"blitzkrieg,algo,port"
Blitzkrieg #17: Airline Load Factor,WEEK 3: Blitzkrieg + Kronos,2026-04-29,DONE,Medium,BTS T-100 load-factor adapter implemented with Monthly Transportation Statistics airline traffic fallback/proxy. Crazy algo registered. No key expected.,"blitzkrieg,algo,bts"
Blitzkrieg #18: Housing Permit Velocity,WEEK 3: Blitzkrieg + Kronos,2026-04-30,DONE,Medium,FRED: PERMIT. Monthly. Rising = XLB/XLI/XLRE. One of the most reliable leading indicators.,"blitzkrieg,algo,fred"
Blitzkrieg #19: Mortgage Application Index,WEEK 3: Blitzkrieg + Kronos,2026-04-30,DONE,Medium,MBA weekly index. Free via FRED: MORTGAGE30US proxy. Rising = XLRE/XLF/XLB.,"blitzkrieg,algo,mba"
Kronos: Install and test locally,WEEK 3: Blitzkrieg + Kronos,2026-05-01,POSTPONED,High,POSTPONED — requires Railway/VPS server ($6.99/mo) to run torch+transformers. NeoQuasar/Kronos-mini is not hosted on HuggingFace Inference API (local-only model). Revisit post-launch when server is provisioned.,"kronos,infrastructure,server"
Kronos: Add comparator plugin to comparison_nightly.py,WEEK 3: Blitzkrieg + Kronos,2026-05-01,POSTPONED,High,POSTPONED — same server dependency. Real Kronos should land as one comparator inside scripts/comparison_nightly.py once a post-launch server is provisioned.,"kronos,comparison,server"
Kronos: Enable in comparator suite,WEEK 3: Blitzkrieg + Kronos,2026-05-02,POSTPONED,High,POSTPONED — blocked on server. The nightly comparison suite is already wired; Kronos should be enabled later as an additional comparator, not as a separate pipeline.
Kronos: Verify first live comparator run,WEEK 3: Blitzkrieg + Kronos,2026-05-02,POSTPONED,High,POSTPONED — blocked on server. Verification moves to the post-launch server sprint once Kronos is added as a comparator.,"kronos,comparison,verification,server"
Buffer: fix any comparator/Kronos issues,WEEK 3: Blitzkrieg + Kronos,2026-05-03,POSTPONED,Medium,POSTPONED — no Kronos comparator issues to fix until server is live. Repurposed as general buffer day.,"buffer,kronos,comparison,server"
Build nightly comparison suite,WEEK 3: Blitzkrieg + Kronos,2026-05-01,DONE,High,scripts/comparison_nightly.py writes docs/comparison/today.json + history.json. Current comparators: momentum_5d and momentum_20d. Real Kronos can be added later as another comparator without changing downstream consumers.,"comparison,momentum,baseline,pipeline"
Quality check #4 — IMPORTANT,WEEK 4: Close Blitzkrieg,2026-05-04,NEED,Critical,30 days since April 6. First Tier 1 algos. Comparator patterns? Which algos agree or disagree with momentum_5d and momentum_20d? Take 45 minutes. First real signal check. Write quality_check_2026-05-04.md.,"quality-check,weekly,milestone,comparison"
MailerLite verification / update,WEEK 4: Launch Plumbing,2026-05-05,NEED,Critical,"Tuesday task. Verify MailerLite form wiring, test signup confirmation flow, confirm waitlist groups/tags, and update any copy or form settings needed before the May 15 free launch.","mailerlite,email,launch,verification"
Blitzkrieg #20-21: Commodity signals,WEEK 4: Close Blitzkrieg,2026-05-05,DONE,Medium,"FRED: PCOPPUSDM (copper) + WPU081 (lumber). Rising copper=XLB/XLI, rising lumber=XLB/XLRE. Both free FRED.","blitzkrieg,algo,fred"
Blitzkrieg #22-23: Options signals,WEEK 4: Close Blitzkrieg,2026-05-06,DONE,Medium,CBOE free: put/call ratio daily + VIX term structure. High P/C = fear = defensive. CBOE publishes free CSV downloads.,"blitzkrieg,algo,cboe"
Blitzkrieg #24-25: SEC signals,WEEK 4: Close Blitzkrieg,2026-05-07,DONE,Medium,Insider buying velocity from SEC EDGAR Form 4. Cluster buying in sector = smart money. Dark pool from FINRA ATS data weekly.,"blitzkrieg,algo,edgar"
Blitzkrieg #26-27: Yield curve signals,WEEK 4: Close Blitzkrieg,2026-05-08,DONE,Medium,FRED: T10Y2Y (yield curve slope) + BAMLH0A0HYM2 (corp bond spread). Inversion = max defensive. Both weekly.,"blitzkrieg,algo,fred"
Blitzkrieg #28-30: From 60 ideas list,WEEK 4: Close Blitzkrieg,2026-05-09,DONE,Medium,Pick 3 best remaining from 60 auto-generated ideas. Target 40+ algos running by May 9.,"blitzkrieg,algo"
Build CSV download feature,POST-MAY-15: Paid Path,2026-06-22,STAGED,Medium,"STAGED 2026-04-23 - backend exposes gated CSV endpoints for signals_today, trade_history, and algo_performance in backend/stockarithm_api.py. Not required for the May 15 free public launch. Revisit only if July 1 traction justifies deeper premium investment.","frontend,premium,v2,railway,postlaunch"
V2 ARCH: Separate public/private artifact generation,POST-MAY-15: Paid Path,2026-06-23,STAGED,Medium,"STAGED 2026-04-23 - public side is implemented with allowlisted scripts/publish_public_site.py and nightly workflow hook to stockarithm-site. Private artifact publisher still needs implementation for stockarithm-api/R2 before this is DONE. Not required for the May 15 free launch.","architecture,v2,security,pipeline,postlaunch"
Quality check #5 — Go/No-Go checkpoint,WEEK 5: Marketing Planning,2026-05-11,NEED,Critical,35 days. First Tier 1 algos. Comparator patterns. HONEST: Do I have something worth launching? Write most detailed quality check yet.,"quality-check,weekly,milestone,comparison"
Build correlation analysis script,POST-MAY-15: Paid Path,2026-05-19,NEED,Medium,"scripts/analyze_correlations.py. SPY correlation + comparator correlation per algo. Start with momentum_5d and momentum_20d. Flag >0.8 SPY. Useful for deeper post-launch analysis, but not a blocker for the May 15 free public release.","analysis,signals,comparison,postlaunch"
Buy domain: stockarithm.com,WEEK 5: Marketing Planning,2026-05-13,NEED,Critical,"Buy on Cloudflare ($12/year). DNS: stockarithm.com -> GitHub Pages, api.stockarithm.com -> Railway. HTTPS via Cloudflare. Add custom domain in repo Settings -> Pages.","infrastructure,domain"
Set up Stripe account,POST-MAY-15: Paid Path,2026-06-16,NEED,High,"Pricing intentionally TBD until after the May 15 free public launch. Only proceed if July 1 traction review supports a paid path. Wire products and checkout plumbing after pricing is finalized.","stripe,payments,postlaunch"
Set up MailerLite,WEEK 5: Marketing Planning,2026-05-14,NEED,High,"Repo-side landing slot and MailerLite form action are wired. Still requires test signup confirmation, groups waitlist/free_tier/paid_tier verification, and July 1 Biscotti campaign.","mailerlite,email,marketing"
MARKETING: Write Biscotti origin email,POST-REDDIT: Product Copy,2026-06-08,NEED,Medium,"400 words. Subject: Why I named a trading algorithm after my dog. Use it as a follow-up waitlist email only after the May 15 free launch and initial Reddit feedback. Save as drafts/biscotti_email.md.","marketing,content,biscotti,postreddit"
MARKETING: Write Reddit launch post draft,WEEK 5: Marketing Planning,2026-05-10,NEED,Critical,"Draft May 15 Reddit learning post. Title should frame this as a transparent paper-trading lab for weird market signals. Show live counts, 3 best, 2 worst, comparator context, Biscotti once, waitlist CTA. Save as drafts/reddit_launch.md","marketing,content,reddit"
MARKETING: Write homepage hero text,WEEK 5: Marketing Planning,2026-05-08,DONE,High,"DONE 2026-04-23 - wrote drafts/homepage_hero.md and applied chosen hero to generated homepage: Weird market signals, run in public. Keeps proof strip, public leaderboard CTA, weekly lab notes CTA, and no AI stock-picking claims.","marketing,content"
Update landing page with real content,WEEK 5: Marketing Planning,2026-05-12,NEED,Critical,"Update public pages before the May 15 free launch and Reddit announcement: Today in the Lab block, credibility strip, sharper weekly lab notes CTA, leaderboard proof link, legal disclaimer still visible.","frontend,public,marketing,launch"
Quality check #6,WEEK 6: 50 Algo Milestone,2026-05-18,NEED,High,Correlation results. Signals >0.8 SPY? Retire publicly. Comparator grading: algos beating momentum baselines on disagreements = ALPHA bucket. Write quality_check_2026-05-18.md.,"quality-check,weekly,comparison"
Blitzkrieg #31-35: 5 new algos,WEEK 6: 50 Algo Milestone,2026-05-18,NEED,Medium,Target 45 algos by May 23. Focus on comparator-uncorrelated signals. Physical economy preferred over financial data.,"blitzkrieg,algo,comparison"
V2 ARCH: Set up Railway API service,WEEK 6: 50 Algo Milestone,2026-05-19,STAGED,Critical,"STAGED 2026-04-23 - FastAPI service scaffolded in backend/stockarithm_api.py with health, unlock, webhook, me/status, premium leaderboard, signal, ticker, and download endpoints. Still needs Railway project/deploy/env wiring.","architecture,v2,railway"
V2 ARCH: Stripe webhook to Railway,WEEK 6: 50 Algo Milestone,2026-05-20,STAGED,Critical,"STAGED 2026-04-23 - /webhook verifies Stripe signatures without Auth0, records processed event IDs, handles checkout.session.completed and subscription cancel/pause/update events. Needs Stripe test webhook secret and live Railway URL.","architecture,v2,stripe,railway"
V2 ARCH: Magic link session auth,WEEK 6: 50 Algo Milestone,2026-05-21,STAGED,Critical,"STAGED 2026-04-23 - /unlock verifies Stripe Checkout Session, stores entitlement, sets signed HTTP-only stockarithm_session cookie, and redirects to app.html. /api/me/status returns auth and entitlement state. Needs Stripe test checkout session.","architecture,v2,auth"
V2 ARCH: Premium Railway endpoints,WEEK 6: 50 Algo Milestone,2026-05-22,STAGED,High,"STAGED 2026-04-23 - premium leaderboard, signal detail, ticker detail, and CSV downloads are gated behind signed-cookie entitlement. Reads PRIVATE_ARTIFACT_DIR first with public artifacts as test fallback. Needs private artifact publisher and end-to-end tests.","architecture,v2,railway,premium"
Post 50 algo milestone tweet,WEEK 6: 50 Algo Milestone,2026-05-23,NEED,Medium,"Twitter/X: 50 weird signals running live. Day 47. Some beating market, some getting destroyed. All public. Link. Short.","marketing,social,milestone"
Quality check #7,WEEK 7: Blitzkrieg Phase 2,2026-05-25,NEED,High,Retire first confirmed noise signals publicly (win rate <52% after 45 days). Document in quality check. First public retirement — important for transparency.,"quality-check,weekly"
Blitzkrieg #36-45: 10 new algos,WEEK 7: Blitzkrieg Phase 2,2026-05-25,NEED,Medium,Target 55 algos by May 31. Work through remaining 60-list ideas. Fix anything correlation flagged as noise.,"blitzkrieg,algo"
V2 ARCH: app.html paid content page,WEEK 7: Blitzkrieg Phase 2,2026-05-27,STAGED,High,"STAGED 2026-04-23 - docs/app.html checks /api/me/status, shows paywall if not entitled, and renders premium leaderboard if entitled. API base defaults to api.stockarithm.com and can be overridden with localStorage for testing.","frontend,premium,v2"
V2 ARCH: Private artifact storage,WEEK 7: Blitzkrieg Phase 2,2026-05-28,NEED,High,V1: Railway filesystem. Plan Cloudflare R2 (free 10GB) if >50MB. Update publish_private.py to upload to R2. Railway fetches from R2 to serve premium endpoints.,"architecture,v2,storage"
Test complete payment flow end to end,WEEK 7: Blitzkrieg Phase 2,2026-05-29,NEED,Critical,Full test after June pricing is set: land -> mailing list/pricing CTA -> Stripe -> Railway /unlock -> cookie set -> app.html loads -> premium content visible. Cancel flow. Stripe test mode.,"testing,v2,stripe"
FREE LAUNCH: Public site + first Reddit post,WEEK 8: Free Public Launch,2026-05-15,NEED,Critical,"Free public launch day. Post to r/algotrading primary and position StockArithm as a transparent public paper-trading lab, not stock picks. Link to leaderboard and mailing-list capture. Goal: learn what strangers understand, collect first waitlist signal, and start the May 15 to July 1 traction window.","marketing,reddit,launch,free-launch"
Monitor and respond to Reddit post,WEEK 8: Free Public Launch,2026-05-16,NEED,High,"Respond to every comment from the May 15 Reddit learning post. Do not pitch. Track questions, objections, clicks, and waitlist signups. Feed lessons into the July 1 traction review and any follow-up copy.","marketing,reddit,community,free-launch"
Blitzkrieg #46-55: 10 more algos,POST-MAY-15: Signal Expansion,2026-06-01,NEED,Medium,"Target 65 algos by June 14. Quality over quantity now. Retire anything <55% win rate after 60 days before adding new ones.","blitzkrieg,algo,postlaunch"
Quality check #8,POST-MAY-15: Traction Window,2026-06-07,NEED,High,"Post-free-launch check. Waitlist signups? Questions from Reddit? Algo patterns worth highlighting? Write quality_check_2026-06-07.md.","quality-check,weekly,postlaunch"
Send first waitlist email,POST-MAY-15: Traction Window,2026-06-08,NEED,High,"Subject: Week 1 update from the lab. What fired, what didn't, new algo, Biscotti position. Short. Human. No sales pitch. Via MailerLite.","email,marketing,mailerlite,postlaunch"
Quality check #9,WEEK 9: Weekly Email Cadence,2026-06-08,NEED,High,56 days. Tier 1 well established. ALPHA bucket signals identified. Which beat the comparators on disagreements? Feature these.,"quality-check,weekly,comparison"
V2 ARCH: Rate limiting on Railway,WEEK 9: Weekly Email Cadence,2026-06-09,NEED,Medium,100 requests/minute per user on premium endpoints. Simple in-memory counter. Prevents abuse.,"architecture,v2,security"
V2 ARCH: Replay-safe Stripe webhook,WEEK 9: Weekly Email Cadence,2026-06-10,NEED,High,Store processed Stripe event IDs. If event ID already processed: return 200 immediately. Prevents double-entitlement.,"architecture,v2,stripe,security"
V2 ARCH: Session expiry handling,WEEK 9: Weekly Email Cadence,2026-06-11,NEED,High,31-day cookie expiry. On expiry: frontend gets 401. Redirect to /subscribe. Magic link email renews cookie. No password needed.,"architecture,v2,auth"
V2 ARCH: Cancel flow,WEEK 9: Weekly Email Cadence,2026-06-12,NEED,High,Stripe customer portal for self-serve cancel. customer.subscription.deleted webhook removes entitlement from Railway storage. Graceful degradation.,"architecture,v2,stripe"
Quality check #10,WEEK 10: Second Reddit + Paid-Path Prep,2026-06-15,NEED,Critical,"70 days. PRE-PAID-PATH CHECKPOINT. How many beating SPY? How many beating the comparator baselines? HONEST: is this worth charging for at all and what should pricing be if yes?","quality-check,weekly,milestone,comparison"
Finalize pricing and create Stripe products,WEEK 10: Second Reddit + Soft Launch,2026-06-16,NEED,Critical,"Use June 15 quality check, waitlist traffic, signal quality, and subscriber intent to set final launch pricing. Create Stripe products/prices in test mode first, then live mode only after final review.","pricing,stripe,launch"
LAUNCH: Second Reddit post,WEEK 10: Second Reddit + Paid-Path Prep,2026-06-15,NEED,Critical,"Title: 60-day update: the signals that survived, what changed since May 15, and what the public launch taught me. Show comparator results, win rates, and lessons from the free launch. Goal: grow the waitlist and test whether paid interest is real.","marketing,reddit,comparison,postlaunch"
Launch checklist: go live mode,WEEK 10: Second Reddit + Paid-Path Prep,2026-06-16,NEED,Critical,"Conditional paid-path checklist. Only proceed if the June 15 quality check and May 15->July 1 traction window support charging. Stripe live mode, webhook production URL, HTTPS, mobile check, disclaimer review, load test.","launch,testing,conditional"
Build welcome email sequence,WEEK 10: Second Reddit + Soft Launch,2026-06-17,NEED,High,6 emails in MailerLite automation. Day 0: how to use. Day 3: Biscotti story. Day 7: biggest signal flip. Day 14: comparator grading. Day 21: failures. Day 30: recap.,"email,marketing,mailerlite,comparison"
SOFT LAUNCH: Email waitlist,WEEK 10: Second Reddit + Paid-Path Prep,2026-06-21,NEED,Critical,"Conditional soft launch. Email waitlist only if the June 15 quality check and traction window justify charging. Use final June pricing only. Stripe checkout link. Track conversions.","launch,marketing,stripe,conditional"
Quality check #11,WEEK 11: Fix Everything,2026-06-22,NEED,High,Post soft-launch. What did early access users say? What is broken? What confuses them? Write quality_check_2026-06-22.md with user feedback.,"quality-check,weekly"
Fix all soft launch bugs,WEEK 11: Fix Everything,2026-06-22,NEED,Critical,"THIS WEEK IS BUGS ONLY. No new features. No new algos. Fix what early access users report. Mobile, payment flow, Railway speed, missing data.","bugs,launch"
V2 ARCH: Error handling audit,WEEK 11: Fix Everything,2026-06-23,NEED,High,"Audit all Railway endpoints. Every endpoint: 401=not authenticated, 403=not entitled, 404=not found, 500=log+generic. Meaningful errors everywhere.","architecture,v2,errorhandling"
V2 ARCH: Logging setup,WEEK 11: Fix Everything,2026-06-24,NEED,Medium,"Structured logging in Railway. Log: every premium request (algo_id, tier, timestamp), every Stripe webhook, every auth failure. Use Railway built-in log viewer.","architecture,v2,logging"
Quality check #12 — JULY 1 decision,WEEK 12: July 1 Decision,2026-06-29,NEED,Critical,"THE BIG ONE. 83 days. How many Tier 1? Beating SPY? Beating the comparator baselines? What did the May 15 free launch produce in waitlist signal and return traffic? HONEST: invest harder into the paid path on July 1, or leave the project on light autopilot? Write the most honest quality check yet.","quality-check,weekly,milestone,july1,comparison"
Write July 1 traction update,WEEK 12: July 1 Decision,2026-06-30,NEED,Critical,"Write the July 1 update: what the May 15 free launch taught us, what the audience understood, and whether the project earned deeper investment. This is not a guaranteed paid-launch post.","marketing,reddit,july1,traction"
Pre-July 1 decision checklist,WEEK 12: July 1 Decision,2026-06-30,NEED,Critical,"Verify the actual decision inputs: waitlist growth, Reddit feedback quality, repeat traffic, public-page clarity, MailerLite health, pipeline stability, and whether premium work is justified.","july1,testing,traction"
JULY 1: Send traction review email,WEEK 12: July 1 Decision,2026-07-01,NEED,Critical,"Send a straight update to the waitlist on what happened after the May 15 free launch, what signals look interesting, and whether deeper paid work is coming. No forced conversion angle if traction is weak.","july1,email,traction"
JULY 1: Post traction update to Reddit,WEEK 12: July 1 Decision,2026-07-01,NEED,Critical,"Post the July 1 follow-up to Reddit if the May 15 launch produced real discussion worth updating. Focus on what changed, what held up, and what did not.","july1,marketing,reddit,traction"
JULY 1: Decide paid path vs autopilot,WEEK 12: July 1 Decision,2026-07-01,NEED,Critical,"Make the actual call: keep investing toward a paid path, or let StockArithm run mostly on autopilot with only small feature additions and maintenance. Base it on traction, not hope.","july1,decision,product"
JULY 1: Reply to everything,WEEK 12: July 1 Decision,2026-07-01,NEED,High,"Spend the day responding to Reddit, email replies, and any other public feedback from the July 1 update. Don't pitch. Be human.","july1,community"
Quality check #13 — post-July-1, WEEK 13-14: Post-July-1,2026-07-06,NEED,Critical,"What did the July 1 decision produce? If paid path: what is working, what is broken, where is the friction? If autopilot: what stays on maintenance only? Write it clearly.","quality-check,weekly,postlaunch"
Fix post-July-1 bugs / cleanup,WEEK 13-14: Post-July-1,2026-07-06,NEED,High,"If the project continues toward paid, fix the high-friction bugs first. If the project moves to autopilot, do only the minimum cleanup needed for stable maintenance.","bugs,postlaunch"
Identify most requested feature,WEEK 13-14: Post-Launch,2026-07-10,NEED,High,Pick ONE thing to build next based on subscriber feedback. Better mobile? More algos? Alerts? Watchlist? Build that one thing only.,"product,postlaunch"
Quality check #14 — two weeks post-launch,WEEK 13-14: Post-Launch,2026-07-13,NEED,High,Subscriber count. Churn. Revenue. MRR. Is this working? What needs to change for August? Write honestly.,"quality-check,postlaunch,milestone"
July 15: First revenue milestone review,WEEK 13-14: Post-Launch,2026-07-15,NEED,Critical,Count subscribers. Calculate MRR. Compare to $10k/month Dec 31 target. What is the trajectory? Write the honest post-mortem and commit it.,"milestone,revenue,review"
LLM cost tracking: crazy_generate_chatgpt.sh,POST-LAUNCH: LLM Cost Tracking,2026-07-16,NEED,Medium,Add inline Python cost-log block (same pattern as normal_generate_chatgpt.sh). Writes to logs/ai_costs_chatgpt_ideas.csv.,"llm-cost,postlaunch"
LLM cost tracking: crazy_generate_claude.sh,POST-LAUNCH: LLM Cost Tracking,2026-07-17,NEED,Medium,Add inline Python cost-log block (same pattern as normal_generate_claude.sh). Writes to logs/ai_costs_claude_ideas.csv.,"llm-cost,postlaunch"
LLM cost tracking: crazy_score_ideas.py,POST-LAUNCH: LLM Cost Tracking,2026-07-18,NEED,Medium,Add _log_cost() helper. Writes to logs/ai_costs_chatgpt_score_crazy.csv after each OpenAI call.,"llm-cost,postlaunch"
LLM cost tracking: normal_score_ideas.py,POST-LAUNCH: LLM Cost Tracking,2026-07-19,NEED,Medium,Add _log_cost() helper. Writes to logs/ai_costs_chatgpt_score_normal.csv after each OpenAI call.,"llm-cost,postlaunch"
LLM cost tracking: final_publish_llm_gate.py,POST-LAUNCH: LLM Cost Tracking,2026-07-20,NEED,Medium,Flush partial — usage extraction already exists. Wire _extract_usage result into CSV write at logs/ai_costs_chatgpt_gate.csv.,"llm-cost,postlaunch"
LLM cost tracking: crazy_publish_markdown.py,POST-LAUNCH: LLM Cost Tracking,2026-07-21,NEED,Medium,Add _log_cost() helper. Writes to logs/ai_costs_chatgpt_publish_crazy.csv.,"llm-cost,postlaunch"
LLM cost tracking: normal_publish_markdown.py,POST-LAUNCH: LLM Cost Tracking,2026-07-22,NEED,Medium,Add _log_cost() helper. Writes to logs/ai_costs_chatgpt_publish_normal.csv.,"llm-cost,postlaunch"
LLM cost tracking: compare_ideas.py,POST-LAUNCH: LLM Cost Tracking,2026-07-23,NEED,Medium,Add _log_cost() helper. Writes to logs/ai_costs_chatgpt_compare.csv.,"llm-cost,postlaunch"
LLM cost tracking: dedup_crazy_ideas.py,POST-LAUNCH: LLM Cost Tracking,2026-07-24,NEED,Medium,Add _log_cost() helper. Writes to logs/ai_costs_chatgpt_dedup.csv.,"llm-cost,postlaunch"
LLM cost tracking + OpenAI primary: post_generator.py,POST-LAUNCH: LLM Cost Tracking,2026-07-25,NEED,Medium,"Switch to OpenAI as primary provider (gpt-4.1-mini), Anthropic as fallback. Add cost logging to logs/ai_costs_post_generator.csv for whichever provider fires.","llm-cost,postlaunch"
LLM cost tracking: run_structural_build.sh,POST-LAUNCH: LLM Cost Tracking,2026-07-26,NEED,Low,Flush partial — cost_usd already computed locally. Wire into logs/ai_costs_chatgpt_structural.csv append.,"llm-cost,postlaunch"
LLM cost tracking: crazy_generate_ideas.py,POST-LAUNCH: LLM Cost Tracking,2026-07-27,NEED,Low,Add _log_cost() helper. Writes to logs/ai_costs_chatgpt_ideas_legacy.csv. Confirm whether this script is still active or superseded.,"llm-cost,postlaunch"
LLM cost tracking: normal_generate_ideas.py,POST-LAUNCH: LLM Cost Tracking,2026-07-28,NEED,Low,Add _log_cost() helper. Writes to logs/ai_costs_chatgpt_normal_ideas_legacy.csv. Confirm whether still active.,"llm-cost,postlaunch"
LLM cost tracking: grill_algo_spec.py,POST-LAUNCH: LLM Cost Tracking,2026-07-29,NEED,Low,Flush partial — usage extraction exists. Wire into logs/ai_costs_chatgpt_grill.csv.,"llm-cost,postlaunch"
LLM cost tracking: validate_algo_llm.py,POST-LAUNCH: LLM Cost Tracking,2026-07-30,NEED,Low,Flush partial — usage extraction exists. Wire into logs/ai_costs_chatgpt_validate.csv.,"llm-cost,postlaunch"
LLM cost tracking: patch_algo.py,POST-LAUNCH: LLM Cost Tracking,2026-07-31,NEED,Low,Flush partial — usage extraction exists. Wire into logs/ai_costs_chatgpt_patch.csv.,"llm-cost,postlaunch"
Build summarize_llm_costs.py,POST-LAUNCH: LLM Cost Tracking,2026-08-01,NEED,Medium,"Replace ai_costs_aggregate.py. Auto-discovers all logs/ai_costs_*.csv. Outputs daily + monthly totals by provider, model, and script. Single command to see total LLM spend.","llm-cost,postlaunch"
Write cleanup/retention script for codegen and failed-intervention artifacts,OPS: Pipeline Hygiene,2026-04-27,NEED,Medium,Keep data/algos_codegen/structural_* and failed/intervention artifacts for now; write a retention script to archive or delete after review window.,"ops,cleanup,codegen,retention,autogen"
Review data/algos new-algo audit log and decide action,OPS: Pipeline Hygiene,2026-05-04,NEED,Low,"Figure out whether data/algos/new_algos.jsonl should stay as an audit trail, feed emails/content, move elsewhere, or be replaced by a cleaner registry/history mechanism.","ops,audit-log,cleanup,low-priority"
Enforce globally unique algo IDs across normal and crazy families,OPS: Pipeline Hygiene,2026-05-08,NEED,Low,"Prevent name/id collisions across normal and crazy algos so reports, content, and downstream products can rely on globally unique identifiers.","ops,registry,backtest,ids,low-priority"
Start daily snapshot archive for non-price adapters,OPS: Pipeline Hygiene,2026-05-08,NEED,Low,"Archive daily raw adapter outputs plus pull timestamps for Google Trends, RSS, EIA, weather, earthquake, OpenChargeMap, and other non-price sources so V2 point-in-time backtests can follow quickly.","ops,backtest,history,archive,low-priority"
Wire Substack push (cookie-auth),WEEK 10: Second Reddit + Soft Launch,2026-06-15,NEED,Medium,"Post-launch task. drafts/YYYY-MM-DD.md is already generated nightly by post_generator.py. Add substack_publisher.py: POST to https://[pub].substack.com/api/v1/drafts using session cookie stored as SUBSTACK_SESSION_COOKIE secret. Rotate cookie monthly. Start in review mode (draft only), flip to auto-publish after 2 weeks of quality checks.","content,substack,post-launch"
Add nightly LLM product reflection from pipeline metrics,OPS: Pipeline Hygiene,2026-05-09,NEED,Medium,"Build a nightly product-review step that feeds real pipeline facts into an LLM and asks: what made the product better today, what is the single best next product improvement, and what should we ignore for now. Inputs should include pipeline status, trades, SPY leaders, new algos, idle count, backtest counts, and major failures/warnings. Treat it as product analysis, not decision authority.","ops,product,llm,reflection,pipeline,soon"
Swap yfinance to Polygon.io (scanner + precompute_signals),WEEK 3: Legal & Data,2026-04-27,REVERTED,High,"First cutover attempt completed then reverted 2026-04-24. Architectural problem: runtime stack still calls scanner.safe_download() in many places so a simple import swap causes repeated Polygon fetches inside per-algo loops — too slow and flaky under free-tier rate limits. Correct design staged in staging/polygon_massive_cutover/DESIGN.md. Yahoo remains live. Do not retry until post-May-15 sprint.","polygon,yfinance,legal,week3"
Hold premium page as teaser until Stripe is ready,WEEK 9: Weekly Email Cadence,2026-06-15,NEED,High,Keep `docs/premium.html` as a waitlist teaser only for the June 15 free public launch. Do not reintroduce fake token gating. Real paid checkout/gating starts July 1 only after Stripe is live and the subscription flow is real.,"product,launch,premium,waitlist,stripe"
Public launch candidate inspection #1,WEEK 8: First Reddit Post,2026-05-26,NEED,High,"Inspect the full free public surface as a June 15 launch candidate: landing.html, leaderboard.html, families.html, daily.html, premium.html teaser, legal.html, blog/index.html, and docs/data/public/*. Confirm flow, disclaimers, public/private split, and broken links. Commit any fixes.","launch,public,review,weekly"
Public launch candidate inspection #2,WEEK 8: First Reddit Post,2026-06-02,NEED,High,"Repeat the full free public launch inspection. Focus on page flow, stale copy, live counts, and any public JSON leakage. Commit fixes the same day.","launch,public,review,weekly"
Polygon.io runtime-only migration sprint,POST-MAY-15: Data Migration,2026-05-19,NEED,Critical,"One-week sprint after May 15. Scope: (1) build minimal scripts/build_market_snapshot.py — one Polygon fetch per run, write to data/market_cache/; (2) add market_data.py loader; (3) migrate only live runtime consumers: daily_run.py + normal/runner.py + crazy/runner.py + precompute_signals.py; (4) shadow-run Yahoo vs Polygon for 5-7 days checking coverage and key decisions; (5) flip before first paying subscriber. Full design in staging/polygon_massive_cutover/DESIGN.md. Parity reports and full consumer migration are post-launch scope.","polygon,legal,launch,data"
Public launch candidate inspection #3,WEEK 9: Weekly Email Cadence,2026-06-09,NEED,High,Repeat the full free public launch inspection one week before launch. Treat remaining issues as launch blockers or explicit defer decisions.,"launch,public,review,weekly"
Public launch candidate inspection #4,WEEK 9: Weekly Email Cadence,2026-06-10,NEED,High,"Daily launch-surface inspection: free pages, public artifacts, disclaimers, waitlist flow, and premium teaser. Commit fixes the same day.","launch,public,review,daily"
Public launch candidate inspection #5,WEEK 9: Weekly Email Cadence,2026-06-11,NEED,High,"Daily launch-surface inspection: free pages, public artifacts, disclaimers, waitlist flow, and premium teaser. Commit fixes the same day.","launch,public,review,daily"
Public launch candidate inspection #6,WEEK 9: Weekly Email Cadence,2026-06-12,NEED,High,"Daily launch-surface inspection: free pages, public artifacts, disclaimers, waitlist flow, and premium teaser. Commit fixes the same day.","launch,public,review,daily"
Public launch candidate inspection #7,WEEK 9: Weekly Email Cadence,2026-06-13,NEED,High,"Daily launch-surface inspection: free pages, public artifacts, disclaimers, waitlist flow, and premium teaser. Commit fixes the same day.","launch,public,review,daily"
Public launch candidate inspection #8,WEEK 9: Weekly Email Cadence,2026-06-14,NEED,High,"Final pre-launch daily inspection of the full free public surface before June 15. Confirm no regressions, no leaked premium detail, and no broken navigation.","launch,public,review,daily"
Validate ops/pipeline integrity — deep scan/check,OPS: Pipeline Integrity,2026-04-24,DONE,High,DONE early on 2026-04-22. Wrote ops_integrity_2026-04-22.md. Verified registry/state freshness and found one real regression: newly built algos could not seed because crazy_seed.py still depended on registry presence. Fixed by direct file-based seed loading for --algo-file.,"ops,pipeline,validation,integrity"
Validate ops/pipeline integrity — deep scan/check,OPS: Pipeline Integrity,2026-04-27,NEED,High,"Run deep pipeline scan across ideation, tactical, and algo generation loops. Check for silent failures, orphaned registry entries, stale algo states, and output integrity. Commit findings or fixes.","ops,pipeline,validation,integrity"
Write thesis text for top 10 algos (with AI review),WEEK 3: Product Copy,2026-04-27,NEED,High,"Operator task with AI help. Write one honest thesis sentence for the 10 most important algos first (Biscotti, Baileymol, top force-ranked algos, likely public-facing names). Goal is to validate the copy before building any plumbing. Keep it plain text, not a feature. Use staging/polygon_massive_cutover/DESIGN.md discussion as context only if helpful.","copy,product,leaderboard,conversion,thesis"
Operator thesis/voice pass (Monday cadence),WEEK 4: Product Copy,2026-05-04,NEED,Medium,"First thing Monday: operator rewrites/reviews thesis text and public-facing copy in his own voice. Goal is to gradually take ownership of the product language instead of leaving it AI-authored. Focus on top algos, landing copy, Reddit drafts, and any new public explanations.","copy,voice,operator,weekly,thesis"
Operator thesis/voice pass (Monday cadence),WEEK 5: Product Copy,2026-05-11,NEED,Medium,"First thing Monday: operator rewrites/reviews thesis text and public-facing copy in his own voice. Goal is to gradually take ownership of the product language instead of leaving it AI-authored. Focus on top algos, landing copy, Reddit drafts, and any new public explanations.","copy,voice,operator,weekly,thesis"
Operator thesis/voice pass (Monday cadence),POST-REDDIT: Product Copy,2026-05-18,NEED,Medium,"First thing Monday: operator rewrites/reviews thesis text and public-facing copy in his own voice. Use May 15 Reddit reaction and objections to sharpen the language.","copy,voice,operator,weekly,thesis,reddit"
Operator thesis/voice pass (Monday cadence),POST-REDDIT: Product Copy,2026-05-25,NEED,Medium,"First thing Monday: operator rewrites/reviews thesis text and public-facing copy in his own voice. Keep improving clarity and honesty based on live product behavior and public feedback.","copy,voice,operator,weekly,thesis"
Operator thesis/voice pass (Monday cadence),WEEK 8: Product Copy,2026-06-01,NEED,Medium,"First thing Monday: operator rewrites/reviews thesis text and public-facing copy in his own voice. By now the goal is less drafting and more tightening what already sounds like the product.","copy,voice,operator,weekly,thesis"
Operator thesis/voice pass (Monday cadence),WEEK 9: Product Copy,2026-06-08,NEED,Medium,"First thing Monday: operator rewrites/reviews thesis text and public-facing copy in his own voice. Treat remaining awkward AI-sounding language as a launch issue and fix it before June 15.","copy,voice,operator,weekly,thesis,launch"
Final operator voice lock before launch,WEEK 9: Product Copy,2026-06-14,NEED,High,"Final pre-launch copy ownership pass. Operator reads every public-facing thesis/copy surface and makes any last wording changes so that by June 15 the public language is 100 percent his. No AI-origin phrasing should remain if it still feels borrowed or unnatural.","copy,voice,operator,launch,final"
Update landing page conversion copy with agreed consensus,WEEK 3: Product Copy,2026-04-28,NEED,High,"Apply the agreed landing-page copy pass after stable Yahoo/public-push verification. Scope: sharper hero, 'Get the weekly lab notes' CTA, proof strip with dynamic live count from public JSON (not hardcoded), and explainer block using the agreed Biscotti line: 'Each row is one live paper-traded signal. Some are working. Some are failing. One of them is named after my dog. That is the point.' Do NOT add the free-vs-paid bridge yet.","copy,landing,conversion,leaderboard,may15"
Review updated landing/public copy with Grok,WEEK 3: Product Copy,2026-04-29,NEED,Medium,"After the April 28 landing/leaderboard copy pass, deploy the refreshed public surface to Vercel and have Grok inspect the content for clarity, friction, stale/live-number credibility, and first-visit comprehension. Use feedback to decide whether any final wording changes are needed before the next launch-facing task.","copy,landing,review,grok,vercel"
Brand sweep: StockArithm capitalization + footer attribution,WEEK 3: Product Copy,2026-04-29,NEED,Medium,"Do a controlled public-surface copy sweep after the Grok review. Standardize brand casing to `StockArithm` across public pages and generated public pages, while keeping lowercase only where required for domains/URLs/repo names. Add footer attribution on each public page and generated page: `Site powered by R&B Algo Labs, LLC.` Commit as one coordinated pass, not piecemeal edits.","copy,branding,footer,public,generated"
Validate ops/pipeline integrity — deep scan/check,OPS: Pipeline Integrity,2026-04-30,NEED,High,"Run deep pipeline scan across ideation, tactical, and algo generation loops. Check for silent failures, orphaned registry entries, stale algo states, and output integrity. Commit findings or fixes.","ops,pipeline,validation,integrity"
Wire thesis text into leaderboard/detail surfaces for remaining algos,WEEK 3: Product Copy,2026-04-30,NEED,High,"Code task after top-10 thesis copy review. Add a single thesis field/data source and render it in the minimum useful places: trimmed on leaderboard rows, full on detail pages. Do not build a thesis feature panel or versioning system. Keep scope tight and plain-text-first.","copy,product,leaderboard,conversion,thesis,frontend"
URGENT: Move durable algo-page rendering into dashboard.py,WEEK 4: Preview Cleanup,2026-05-02,NEED,Critical,"Pre-8:30am rebuild task. After the May 1 market-close run, move lasting algo-page rendering responsibilities out of scripts/build_vercel_preview_site.py and into dashboard.py. Keep the preview builder as a thin bundler only: copy files, route aliases, preview menus, light path rewrites. Do not add new rendering logic to the preview adapter.","urgent,preview,algo-pages,dashboard,refactor,may2"
URGENT: Validate rebuilt algo pages after overnight refresh,WEEK 4: Preview Cleanup,2026-05-03,NEED,Critical,"Pre-8:30am validation task. Review multiple preview algo pages after the overnight data refresh and confirm hero, description, signal brief, charts, SPY alignment, trade log, and footer all render from the durable dashboard path instead of preview-side HTML surgery. Fix any drift immediately.","urgent,preview,algo-pages,validation,spy,footer,may3"
URGENT: Finish preview-builder minimization before 8:30am,WEEK 4: Preview Cleanup,2026-05-04,NEED,Critical,"Pre-8:30am cleanup task. Strip any remaining durable product-rendering logic out of scripts/build_vercel_preview_site.py so it remains a temporary preview bundler only. Keep only copy/bundle/route/index responsibilities and document the final boundary between dashboard.py and the preview builder.","urgent,preview,cleanup,build-vercel-preview-site,refactor,may4"
Validate ops/pipeline integrity — deep scan/check,OPS: Pipeline Integrity,2026-05-03,NEED,High,"Run deep pipeline scan across ideation, tactical, and algo generation loops. Check for silent failures, orphaned registry entries, stale algo states, and output integrity. Commit findings or fixes.","ops,pipeline,validation,integrity"
Validate ops/pipeline integrity — deep scan/check,OPS: Pipeline Integrity,2026-05-06,NEED,High,"Run deep pipeline scan across ideation, tactical, and algo generation loops. Check for silent failures, orphaned registry entries, stale algo states, and output integrity. Commit findings or fixes.","ops,pipeline,validation,integrity"
Validate ops/pipeline integrity — deep scan/check,OPS: Pipeline Integrity,2026-05-09,NEED,High,"Run deep pipeline scan across ideation, tactical, and algo generation loops. Check for silent failures, orphaned registry entries, stale algo states, and output integrity. Commit findings or fixes.","ops,pipeline,validation,integrity"
Validate ops/pipeline integrity — deep scan/check,OPS: Pipeline Integrity,2026-05-12,NEED,High,"Run deep pipeline scan across ideation, tactical, and algo generation loops. Check for silent failures, orphaned registry entries, stale algo states, and output integrity. Commit findings or fixes.","ops,pipeline,validation,integrity"
Validate Reddit launch copy with LLMs,WEEK 5: Launch Copy Check,2026-05-13,NEED,High,"Re-run the Reddit launch copy through multiple LLM reviewers on May 13 using the latest public numbers and current positioning. Check clarity, honesty, subreddit fit, stale claims, and whether any channel-specific copy still sounds generic or overconfident before the May 15 post.","copy,reddit,llm,launch,review"
Validate ops/pipeline integrity — deep scan/check,OPS: Pipeline Integrity,2026-05-15,NEED,High,"Run deep pipeline scan across ideation, tactical, and algo generation loops. Check for silent failures, orphaned registry entries, stale algo states, and output integrity. Commit findings or fixes.","ops,pipeline,validation,integrity"
Validate ops/pipeline integrity — deep scan/check,OPS: Pipeline Integrity,2026-05-18,NEED,High,"Run deep pipeline scan across ideation, tactical, and algo generation loops. Check for silent failures, orphaned registry entries, stale algo states, and output integrity. Commit findings or fixes.","ops,pipeline,validation,integrity"
Validate ops/pipeline integrity — deep scan/check,OPS: Pipeline Integrity,2026-05-21,NEED,High,"Run deep pipeline scan across ideation, tactical, and algo generation loops. Check for silent failures, orphaned registry entries, stale algo states, and output integrity. Commit findings or fixes.","ops,pipeline,validation,integrity"
Validate ops/pipeline integrity — deep scan/check,OPS: Pipeline Integrity,2026-05-24,NEED,High,"Run deep pipeline scan across ideation, tactical, and algo generation loops. Check for silent failures, orphaned registry entries, stale algo states, and output integrity. Commit findings or fixes.","ops,pipeline,validation,integrity"
Validate ops/pipeline integrity — deep scan/check,OPS: Pipeline Integrity,2026-05-27,NEED,High,"Run deep pipeline scan across ideation, tactical, and algo generation loops. Check for silent failures, orphaned registry entries, stale algo states, and output integrity. Commit findings or fixes.","ops,pipeline,validation,integrity"
Validate ops/pipeline integrity — deep scan/check,OPS: Pipeline Integrity,2026-05-30,NEED,High,"Run deep pipeline scan across ideation, tactical, and algo generation loops. Check for silent failures, orphaned registry entries, stale algo states, and output integrity. Commit findings or fixes.","ops,pipeline,validation,integrity"
Validate ops/pipeline integrity — deep scan/check,OPS: Pipeline Integrity,2026-06-02,NEED,High,"Run deep pipeline scan across ideation, tactical, and algo generation loops. Check for silent failures, orphaned registry entries, stale algo states, and output integrity. Commit findings or fixes.","ops,pipeline,validation,integrity"
Validate ops/pipeline integrity — deep scan/check,OPS: Pipeline Integrity,2026-06-05,NEED,High,"Run deep pipeline scan across ideation, tactical, and algo generation loops. Check for silent failures, orphaned registry entries, stale algo states, and output integrity. Commit findings or fixes.","ops,pipeline,validation,integrity"
Validate ops/pipeline integrity — deep scan/check,OPS: Pipeline Integrity,2026-06-08,NEED,High,"Run deep pipeline scan across ideation, tactical, and algo generation loops. Check for silent failures, orphaned registry entries, stale algo states, and output integrity. Commit findings or fixes.","ops,pipeline,validation,integrity"
Validate ops/pipeline integrity — deep scan/check,OPS: Pipeline Integrity,2026-06-11,NEED,High,"Run deep pipeline scan across ideation, tactical, and algo generation loops. Check for silent failures, orphaned registry entries, stale algo states, and output integrity. Commit findings or fixes.","ops,pipeline,validation,integrity"
Validate ops/pipeline integrity — deep scan/check,OPS: Pipeline Integrity,2026-06-14,NEED,High,"Run deep pipeline scan across ideation, tactical, and algo generation loops. Check for silent failures, orphaned registry entries, stale algo states, and output integrity. Commit findings or fixes.","ops,pipeline,validation,integrity"
Validate ops/pipeline integrity — deep scan/check,OPS: Pipeline Integrity,2026-06-17,NEED,High,"Run deep pipeline scan across ideation, tactical, and algo generation loops. Check for silent failures, orphaned registry entries, stale algo states, and output integrity. Commit findings or fixes.","ops,pipeline,validation,integrity"
Validate ops/pipeline integrity — deep scan/check,OPS: Pipeline Integrity,2026-06-20,NEED,High,"Run deep pipeline scan across ideation, tactical, and algo generation loops. Check for silent failures, orphaned registry entries, stale algo states, and output integrity. Commit findings or fixes.","ops,pipeline,validation,integrity"
Validate ops/pipeline integrity — deep scan/check,OPS: Pipeline Integrity,2026-06-23,NEED,High,"Run deep pipeline scan across ideation, tactical, and algo generation loops. Check for silent failures, orphaned registry entries, stale algo states, and output integrity. Commit findings or fixes.","ops,pipeline,validation,integrity"
Validate ops/pipeline integrity — deep scan/check,OPS: Pipeline Integrity,2026-06-26,NEED,High,"Run deep pipeline scan across ideation, tactical, and algo generation loops. Check for silent failures, orphaned registry entries, stale algo states, and output integrity. Commit findings or fixes.","ops,pipeline,validation,integrity"
Validate ops/pipeline integrity — deep scan/check,OPS: Pipeline Integrity,2026-06-29,NEED,High,"Run deep pipeline scan across ideation, tactical, and algo generation loops. Check for silent failures, orphaned registry entries, stale algo states, and output integrity. Commit findings or fixes.","ops,pipeline,validation,integrity"
GitHub Actions: upgrade deprecated Node 20 actions,OPS: Post-Launch Hygiene,2026-07-06,NEED,Low,POSTLAUNCH — GitHub Actions still emits Node 20 deprecation warnings on multiple workflows. Upgrade pinned actions to Node 24-compatible versions after launch so runner deprecations do not become operational debt.,"ops,github-actions,postlaunch"
Build public repo rollback script,OPS: Public Site Publishing,2026-04-23,DONE,High,"Added scripts/rollback_public_site.py and PUBLIC_SITE_OPERATIONS.md. Script safely reverts bad stockarithm-site publishes with git revert, refuses dirty/out-of-date repos, and never force-pushes.","ops,public-site,rollback,launch"
Seed stockarithm-api repo,OPS: Backend Split,2026-04-23,DONE,High,"Seeded private stockarithm-api repo with backend/stockarithm_api.py, backend architecture doc, README, requirements, and gitignore. Railway can deploy from this private repo.","ops,backend,railway,repo-split"
Publish initial stockarithm-site repo,OPS: Public Site Publishing,2026-04-23,DONE,High,"Published initial allowlisted public static bundle to stockarithm-site. Public repo contains static HTML, blog, docs/data/public, signals/lookup, CNAME, and .nojekyll only.","ops,public-site,repo-split,launch"
Build temporary Vercel preview repo,OPS: Preview Site,2026-04-23,DONE,High,"Created private stockarithm-preview repo plus scripts/build_vercel_preview_site.py. Published a temporary review bundle with both public and premium/internal static artifacts for Vercel inspection. Not production, no public domain, delete or stop using it after review.","ops,preview,vercel,repo-split"
Build content engine v2 with theme support,WEEK 4: Launch Prep,2026-05-03,NEED,High,"Build content_v2/ parallel engine with --theme and --focus-algo flags. Spec at specs/content_v2_spec.md. Does not touch existing engine. Output to content_v2/output/ for inspection.","content-engine,v2,themes,marketing"
Backfill full structured thesis inventory for legacy algo pages,POST-JULY-1: Paid Path,2026-07-02,NEED,Medium,"Postpone until after the July 1 traction decision. Expand legacy algo entries to include full thesis/universe/data source/signal logic/entry-exit/position sizing/risk fields anywhere the ideation pipeline does not already provide them. Do not spend launch-cycle time on this before May 15.","copy,thesis,algo-pages,legacy,premium,postlaunch,july1"
URGENT: Set real domain and validate it in MailerLite,WEEK 4: Launch Plumbing,2026-05-06,NEED,Critical,"Tomorrow priority. Point the real StockArithm domain, verify DNS, connect/validate the sending domain inside MailerLite, and confirm the signup/confirmation flow works against the real domain before launch. This is the highest-priority launch-plumbing task for May 6.","domain,mailerlite,dns,launch,urgent,may6"
