date,rank_return,rank_alpha,algo_id,algo_type,name,ytd_pct,spy_pct,alpha_pct,equity,beat_spy,days_running
2026-04-12,1,1,baileymol,normal,Algo Baileymol (Chaos Monger),4.02,-1.99,6.01,104019.92,True,66
2026-04-12,2,2,faber,normal,Faber Momentum Rotation,3.85,-1.99,5.84,103846.61,True,66
2026-04-12,3,3,dmsr,normal,Antonacci Dual Momentum Sector Rotation,1.85,-1.99,3.85,101854.19,True,66
2026-04-12,4,4,airport-shopping-spree,crazy,Airport Shopping Spree,0.0,-1.99,1.99,100000.0,True,67
2026-04-12,5,5,calls311,crazy,311 Call Rotation,0.0,-1.99,1.99,100000.0,True,67
2026-04-12,6,6,cardboard,crazy,Cardboard Box Index,0.0,-1.99,1.99,100000.0,True,67
2026-04-12,7,7,cloud-storage-demand-surge,crazy,Cloud Storage Demand Surge,0.0,-1.99,1.99,100000.0,True,66
2026-04-12,8,8,congress,crazy,Congress Trading Fade,0.0,-1.99,1.99,100000.0,True,67
2026-04-12,9,9,craigslist,crazy,Craigslist Desperation Index,0.0,-1.99,1.99,100000.0,True,67
2026-04-12,10,10,crypto-derivative-arbitrage,crazy,Crypto Derivative Arbitrage,0.0,-1.99,1.99,100000.0,True,66
2026-04-12,11,11,earthquake-energy-demand,crazy,Earthquake Energy Demand Indicator,0.0,-1.99,1.99,100000.0,True,66
2026-04-12,12,12,electric-vehicle-charge-station-density,crazy,Electric Vehicle Charge Station Density,0.0,-1.99,1.99,100000.0,True,66
2026-04-12,13,13,glassdoor,crazy,Glassdoor Misery Gradient,0.0,-1.99,1.99,100000.0,True,67
2026-04-12,14,14,insider-trading-signals,crazy,Insider Trading Signals,0.0,-1.99,1.99,100000.0,True,66
2026-04-12,15,15,linkedin,crazy,LinkedIn Layoff Propagation,0.0,-1.99,1.99,100000.0,True,67
2026-04-12,16,16,liquor,crazy,Liquor Store Leading Indicator,0.0,-1.99,1.99,100000.0,True,67
2026-04-12,17,17,online-ad-impression-volatility,crazy,Online Ad Impression Volatility Trader,0.0,-1.99,1.99,100000.0,True,66
2026-04-12,18,18,pet-food-supply-chain,crazy,Pet Food Supply Chain Disruption,0.0,-1.99,1.99,100000.0,True,66
2026-04-12,19,19,reddit-emoji-sentiment-spike,crazy,Reddit Emoji Sentiment Spike,0.0,-1.99,1.99,100000.0,True,66
2026-04-12,20,20,reddit-gaming-thread-spike,crazy,Reddit Gaming Thread Spike,0.0,-1.99,1.99,100000.0,True,67
2026-04-12,21,21,reddit-mentions-volatility-spike,crazy,Reddit Mentions Volatility Spike,0.0,-1.99,1.99,100000.0,True,66
2026-04-12,22,22,reddit-sentiment-spike-trend,crazy,Reddit Sentiment Spike Trend,0.0,-1.99,1.99,100000.0,True,66
2026-04-12,23,23,reddit-sentiment-spike,crazy,Reddit Sentiment Spike,0.0,-1.99,1.99,100000.0,True,66
2026-04-12,24,24,reddit-sentiment-volatility-spike,crazy,Reddit Sentiment Volatility Spike,0.0,-1.99,1.99,100000.0,True,66
2026-04-12,25,25,reddit-subreddit-mention-spike,crazy,Reddit Subreddit Mention Spike,0.0,-1.99,1.99,100000.0,True,66
2026-04-12,26,26,reddit-subreddit-sentiment-spike,crazy,Reddit Subreddit Sentiment Spike,0.0,-1.99,1.99,100000.0,True,66
2026-04-12,27,27,reddit-subreddit-surge-momentum,crazy,Reddit Subreddit Surge Momentum,0.0,-1.99,1.99,100000.0,True,66
2026-04-12,28,28,reddit-volatility-spike,crazy,Reddit Volatility Spike,0.0,-1.99,1.99,100000.0,True,66
2026-04-12,29,29,social-media-sentiment-spike,crazy,Social Media Sentiment Spike,0.0,-1.99,1.99,100000.0,True,66
2026-04-12,30,30,superbowl-futures-trade,crazy,Superbowl Futures Trade,0.0,-1.99,1.99,100000.0,True,66
2026-04-12,31,31,tsa,crazy,TSA Body Count,0.0,-1.99,1.99,100000.0,True,67
2026-04-12,32,32,twitter-sentiment-spike,crazy,Twitter Sentiment Spike,0.0,-1.99,1.99,100000.0,True,66
2026-04-12,33,33,volatility-spike-follow-through,crazy,Volatility Spike Follow-Through,0.0,-1.99,1.99,100000.0,True,66
2026-04-12,34,34,weather-volatility-spike,crazy,Weather Volatility Spike,0.0,-1.99,1.99,100000.0,True,66
2026-04-12,35,35,simple_monthly,normal,Quantified Simple Monthly Rotation,0.0,-1.99,1.99,100000.0,True,66
2026-04-12,36,36,biscotti,normal,Algo Biscotti (Unconditional Loyalty),-1.58,-1.99,0.41,98417.61,True,66
2026-04-13,1,1,faber,normal,Faber Momentum Rotation,3.85,0.0,3.85,103846.61,True,67
2026-04-13,2,2,baileymol,normal,Algo Baileymol (Chaos Monger),3.68,0.0,3.68,103676.23,True,67
2026-04-13,3,3,dmsr,normal,Antonacci Dual Momentum Sector Rotation,2.68,0.0,2.68,102675.52,True,67
2026-04-13,4,4,airport-shopping-spree,crazy,Airport Shopping Spree,0.0,0.0,0.0,100000.0,False,70
2026-04-13,5,5,bankruptcy-filing-rate,crazy,Bankruptcy Filing Rate,0.0,0.0,0.0,100000.0,False,66
2026-04-13,6,6,calls311,crazy,311 Call Rotation,0.0,0.0,0.0,100000.0,False,70
2026-04-13,7,7,cardboard,crazy,Cardboard Box Index,0.0,0.0,0.0,100000.0,False,70
2026-04-13,8,8,cloud-storage-demand-surge,crazy,Cloud Storage Demand Surge,0.0,0.0,0.0,100000.0,False,69
2026-04-13,9,9,congress,crazy,Congress Trading Fade,0.0,0.0,0.0,100000.0,False,70
2026-04-13,10,10,consumer-sentiment,crazy,Consumer Sentiment,0.0,0.0,0.0,100000.0,False,66
2026-04-13,11,11,craigslist,crazy,Craigslist Desperation Index,0.0,0.0,0.0,100000.0,False,70
2026-04-13,12,12,credit-card-delinquency,crazy,Credit Card Delinquency,0.0,0.0,0.0,100000.0,False,66
2026-04-13,13,13,crypto-derivative-arbitrage,crazy,Crypto Derivative Arbitrage,0.0,0.0,0.0,100000.0,False,69
2026-04-13,14,14,earthquake-energy-demand,crazy,Earthquake Energy Demand Indicator,0.0,0.0,0.0,100000.0,False,69
2026-04-13,15,15,electric-vehicle-charge-station-density,crazy,Electric Vehicle Charge Station Density,0.0,0.0,0.0,100000.0,False,69
2026-04-13,16,16,glassdoor,crazy,Glassdoor Misery Gradient,0.0,0.0,0.0,100000.0,False,70
2026-04-13,17,17,insider-trading-signals,crazy,Insider Trading Signals,0.0,0.0,0.0,100000.0,False,69
2026-04-13,18,18,job-posting-acceleration,crazy,Job Posting Acceleration,0.0,0.0,0.0,100000.0,False,66
2026-04-13,19,19,linkedin,crazy,LinkedIn Layoff Propagation,0.0,0.0,0.0,100000.0,False,70
2026-04-13,20,20,liquor,crazy,Liquor Store Leading Indicator,0.0,0.0,0.0,100000.0,False,70
2026-04-13,21,21,misery-rotation,crazy,Misery Rotation,0.0,0.0,0.0,100000.0,False,67
2026-04-13,22,22,online-ad-impression-volatility,crazy,Online Ad Impression Volatility Trader,0.0,0.0,0.0,100000.0,False,69
2026-04-13,23,23,pet-food-supply-chain,crazy,Pet Food Supply Chain Disruption,0.0,0.0,0.0,100000.0,False,69
2026-04-13,24,24,reddit-emoji-sentiment-spike,crazy,Reddit Emoji Sentiment Spike,0.0,0.0,0.0,100000.0,False,69
2026-04-13,25,25,reddit-gaming-thread-spike,crazy,Reddit Gaming Thread Spike,0.0,0.0,0.0,100000.0,False,70
2026-04-13,26,26,reddit-mentions-volatility-spike,crazy,Reddit Mentions Volatility Spike,0.0,0.0,0.0,100000.0,False,69
2026-04-13,27,27,reddit-sentiment-spike-trend,crazy,Reddit Sentiment Spike Trend,0.0,0.0,0.0,100000.0,False,69
2026-04-13,28,28,reddit-sentiment-spike,crazy,Reddit Sentiment Spike,0.0,0.0,0.0,100000.0,False,69
2026-04-13,29,29,reddit-sentiment-volatility-spike,crazy,Reddit Sentiment Volatility Spike,0.0,0.0,0.0,100000.0,False,69
2026-04-13,30,30,reddit-subreddit-mention-spike,crazy,Reddit Subreddit Mention Spike,0.0,0.0,0.0,100000.0,False,69
2026-04-13,31,31,reddit-subreddit-sentiment-spike,crazy,Reddit Subreddit Sentiment Spike,0.0,0.0,0.0,100000.0,False,69
2026-04-13,32,32,reddit-subreddit-surge-momentum,crazy,Reddit Subreddit Surge Momentum,0.0,0.0,0.0,100000.0,False,69
2026-04-13,33,33,reddit-volatility-spike,crazy,Reddit Volatility Spike,0.0,0.0,0.0,100000.0,False,69
2026-04-13,34,34,retail-sales-momentum,crazy,Retail Sales Momentum,0.0,0.0,0.0,100000.0,False,66
2026-04-13,35,35,small-business-formation,crazy,Small Business Formation,0.0,0.0,0.0,100000.0,False,66
2026-04-13,36,36,social-media-sentiment-spike,crazy,Social Media Sentiment Spike,0.0,0.0,0.0,100000.0,False,69
2026-04-13,37,37,superbowl-futures-trade,crazy,Superbowl Futures Trade,0.0,0.0,0.0,100000.0,False,69
2026-04-13,38,38,truck-tonnage,crazy,Truck Tonnage Index,0.0,0.0,0.0,100000.0,False,67
2026-04-13,39,39,tsa,crazy,TSA Body Count,0.0,0.0,0.0,100000.0,False,71
2026-04-13,40,40,twitter-sentiment-spike,crazy,Twitter Sentiment Spike,0.0,0.0,0.0,100000.0,False,69
2026-04-13,41,41,uber-mobility,crazy,Uber Mobility Index,0.0,0.0,0.0,100000.0,False,67
2026-04-13,42,42,volatility-spike-follow-through,crazy,Volatility Spike Follow-Through,0.0,0.0,0.0,100000.0,False,69
2026-04-13,43,43,weather-volatility-spike,crazy,Weather Volatility Spike,0.0,0.0,0.0,100000.0,False,69
2026-04-13,44,44,simple_monthly,normal,Quantified Simple Monthly Rotation,0.0,0.0,0.0,100000.0,False,67
2026-04-13,45,45,biscotti,normal,Algo Biscotti (Unconditional Loyalty),-0.89,0.0,-0.89,99111.9,False,67
2026-04-15,1,1,baileymol,normal,Algo Baileymol (Chaos Monger),4.99,0.0,4.99,104993.95,True,71
2026-04-15,2,2,faber,normal,Faber Momentum Rotation,3.85,0.0,3.85,103846.61,True,71
2026-04-15,3,3,dmsr,normal,Antonacci Dual Momentum Sector Rotation,2.74,0.0,2.74,102736.45,True,71
2026-04-15,4,4,airport-shopping-spree,crazy,Airport Shopping Spree,0.0,0.0,0.0,100000.0,False,69
2026-04-15,5,5,bankruptcy-filing-rate,crazy,Bankruptcy Filing Rate,0.0,0.0,0.0,100000.0,False,69
2026-04-15,6,6,calls311,crazy,311 Call Rotation,0.0,0.0,0.0,100000.0,False,69
2026-04-15,7,7,cardboard,crazy,Cardboard Box Index,0.0,0.0,0.0,100000.0,False,69
2026-04-15,8,8,cloud-storage-demand-surge,crazy,Cloud Storage Demand Surge,0.0,0.0,0.0,100000.0,False,69
2026-04-15,9,9,congress,crazy,Congress Trading Fade,0.0,0.0,0.0,100000.0,False,69
2026-04-15,10,10,craigslist,crazy,Craigslist Desperation Index,0.0,0.0,0.0,100000.0,False,69
2026-04-15,11,11,credit-card-delinquency,crazy,Credit Card Delinquency,0.0,0.0,0.0,100000.0,False,69
2026-04-15,12,12,crypto-derivative-arbitrage,crazy,Crypto Derivative Arbitrage,0.0,0.0,0.0,100000.0,False,69
2026-04-15,13,13,earthquake-energy-demand,crazy,Earthquake Energy Demand Indicator,0.0,0.0,0.0,100000.0,False,69
2026-04-15,14,14,electric-vehicle-charge-station-density,crazy,Electric Vehicle Charge Station Density,0.0,0.0,0.0,100000.0,False,69
2026-04-15,15,15,glassdoor,crazy,Glassdoor Misery Gradient,0.0,0.0,0.0,100000.0,False,69
2026-04-15,16,16,insider-trading-signals,crazy,Insider Trading Signals,0.0,0.0,0.0,100000.0,False,69
2026-04-15,17,17,job-posting-acceleration,crazy,Job Posting Acceleration,0.0,0.0,0.0,100000.0,False,69
2026-04-15,18,18,linkedin,crazy,LinkedIn Layoff Propagation,0.0,0.0,0.0,100000.0,False,69
2026-04-15,19,19,misery-rotation,crazy,Misery Rotation,0.0,0.0,0.0,100000.0,False,69
2026-04-15,20,20,online-ad-impression-volatility,crazy,Online Ad Impression Volatility Trader,0.0,0.0,0.0,100000.0,False,69
2026-04-15,21,21,pet-food-supply-chain,crazy,Pet Food Supply Chain Disruption,0.0,0.0,0.0,100000.0,False,69
2026-04-15,22,22,reddit-emoji-sentiment-spike,crazy,Reddit Emoji Sentiment Spike,0.0,0.0,0.0,100000.0,False,69
2026-04-15,23,23,reddit-gaming-thread-spike,crazy,Reddit Gaming Thread Spike,0.0,0.0,0.0,100000.0,False,69
2026-04-15,24,24,reddit-mentions-volatility-spike,crazy,Reddit Mentions Volatility Spike,0.0,0.0,0.0,100000.0,False,69
2026-04-15,25,25,reddit-sentiment-spike-trend,crazy,Reddit Sentiment Spike Trend,0.0,0.0,0.0,100000.0,False,69
2026-04-15,26,26,reddit-sentiment-spike,crazy,Reddit Sentiment Spike,0.0,0.0,0.0,100000.0,False,69
2026-04-15,27,27,reddit-sentiment-volatility-spike,crazy,Reddit Sentiment Volatility Spike,0.0,0.0,0.0,100000.0,False,69
2026-04-15,28,28,reddit-subreddit-mention-spike,crazy,Reddit Subreddit Mention Spike,0.0,0.0,0.0,100000.0,False,69
2026-04-15,29,29,reddit-subreddit-sentiment-spike,crazy,Reddit Subreddit Sentiment Spike,0.0,0.0,0.0,100000.0,False,69
2026-04-15,30,30,reddit-subreddit-surge-momentum,crazy,Reddit Subreddit Surge Momentum,0.0,0.0,0.0,100000.0,False,69
2026-04-15,31,31,reddit-volatility-spike,crazy,Reddit Volatility Spike,0.0,0.0,0.0,100000.0,False,69
2026-04-15,32,32,retail-sales-momentum,crazy,Retail Sales Momentum,0.0,0.0,0.0,100000.0,False,69
2026-04-15,33,33,small-business-formation,crazy,Small Business Formation,0.0,0.0,0.0,100000.0,False,69
2026-04-15,34,34,social-media-sentiment-spike,crazy,Social Media Sentiment Spike,0.0,0.0,0.0,100000.0,False,69
2026-04-15,35,35,superbowl-futures-trade,crazy,Superbowl Futures Trade,0.0,0.0,0.0,100000.0,False,69
2026-04-15,36,36,truck-tonnage,crazy,Truck Tonnage Index,0.0,0.0,0.0,100000.0,False,69
2026-04-15,37,37,tsa,crazy,TSA Body Count,0.0,0.0,0.0,100000.0,False,69
2026-04-15,38,38,twitter-sentiment-spike,crazy,Twitter Sentiment Spike,0.0,0.0,0.0,100000.0,False,69
2026-04-15,39,39,uber-mobility,crazy,Uber Mobility Index,0.0,0.0,0.0,100000.0,False,69
2026-04-15,40,40,volatility-spike-follow-through,crazy,Volatility Spike Follow-Through,0.0,0.0,0.0,100000.0,False,69
2026-04-15,41,41,weather-volatility-spike,crazy,Weather Volatility Spike,0.0,0.0,0.0,100000.0,False,69
2026-04-15,42,42,simple_monthly,normal,Quantified Simple Monthly Rotation,0.0,0.0,0.0,100000.0,False,71
2026-04-15,43,43,consumer-sentiment,crazy,Consumer Sentiment,-0.02,0.0,-0.02,99980.1,False,69
2026-04-15,44,44,liquor,crazy,Liquor Store Leading Indicator,-0.02,0.0,-0.02,99980.1,False,69
2026-04-15,45,45,biscotti,normal,Algo Biscotti (Unconditional Loyalty),-0.53,0.0,-0.53,99467.66,False,71
2026-04-15,46,46,biscotti,crazy,Algo Biscotti (Unconditional Loyalty),-4.57,0.0,-4.57,95432.51,False,69
2026-04-15,47,47,baileymol,crazy,Algo Baileymol (Chaos Monger),-6.77,0.0,-6.77,93228.46,False,69
